[
  {
    "id": "ax",
    "type": "TOOL",
    "name": "wood axe",
    "description": "This is a large, two-handed wood axe.  It makes a good melee weapon, but is a bit slow to recover between swings.",
    "weight": 2267,
    "volume": 10,
    "price": 10500,
    "to_hit": 1,
    "bashing": 20,
    "cutting": 14,
    "material": [ "wood", "steel" ],
    "symbol": "/",
    "color": "light_gray",
    "qualities": [ [ "AXE", 7] ],
    "flags": [ "NONCONDUCTIVE" ]
  },
  {
    "id": "battleaxe",
    "type": "TOOL",
    "category": "weapons",
    "name": "battle axe",
    "description": "This is a huge axe designed for warfare.  Though intended for use as a weapon, it can also be pressed into service as a rather clumsy woodcutting tool.",
    "weight": 2002,
    "volume": 10,
    "price": 40000,
    "to_hit": 1,
    "bashing": 20,
    "cutting": 30,
    "material": [ "steel", "wood" ],
    "symbol": "/",
    "color": "light_gray",
    "qualities": [ [ "AXE", 4] ],
    "flags": [ "DURABLE_MELEE", "NONCONDUCTIVE" ]
  },
  {
    "id": "battletorch",
    "type": "TOOL",
    "category": "weapons",
    "name": "Louisville Slaughterer",
    "description": "This is sturdy wood bat, wrapped in gasoline-soaked rags and flame-resistant Nomex fabric.  Light it, and the ball game will REALLY heat up.  You'll need a lighter or matches to light it.",
    "weight": 1485,
    "volume": 8,
    "price": 16000,
    "to_hit": 3,
    "bashing": 18,
    "material": [ "wood", "nomex" ],
    "symbol": "/",
    "color": "brown",
    "initial_charges": 25,
    "max_charges": 25,
    "charges_per_use": 1,
    "techniques": [ "WBLOCK_1" ],
    "use_action": {
      "target": "battletorch_lit",
      "msg": "You light the Louisville Slaughterer.",
      "active": true,
      "need_fire": 1,
      "menu_text": "Light",
      "type": "transform"
    },
    "flags": [ "DURABLE_MELEE" ]
  },
  {
    "id": "battletorch_lit",
    "type": "TOOL",
    "category": "weapons",
    "name": "Louisville Slaughterer (lit)",
    "name_plural": "Louisville Slaughterers (lit)",
    "description": "This is a sturdy wood bat, wrapped in gasoline-soaked rags and flame-resistant Nomex fabric.  It is burning brightly, and makes it much easier to see the baselines at night games (It also makes the umpire FAR more likely to call a ball instead of a strike).",
    "weight": 1485,
    "volume": 8,
    "price": 16000,
    "to_hit": 3,
    "bashing": 18,
    "material": [ "wood", "nomex" ],
    "symbol": "/",
    "color": "red",
    "initial_charges": 25,
    "max_charges": 25,
    "turns_per_charge": 20,
    "revert_to": "battletorch_done",
    "techniques": [ "WBLOCK_1" ],
    "use_action": "BATTLETORCH_LIT",
    "flags": [ "FIRE", "LIGHT_310", "CHARGEDIM", "FLAMING", "DURABLE_MELEE", "TRADER_AVOID" ]
  },
  {
    "id": "broadfire_off",
    "type": "TOOL",
    "category": "weapons",
    "name": "firebrand (off)",
    "name_plural": "firebrands (off)",
    "description": "This is a combination of two Dark Age conflict-resolution classics, the broadsword and the torch.  Use to light it up and show those heathen zombies who's Lord around here.",
    "weight": 1474,
    "volume": 9,
    "price": 120000,
    "to_hit": 1,
    "bashing": 8,
    "cutting": 35,
    "material": "steel",
    "symbol": "/",
    "color": "light_gray",
    "ammo": "gasoline",
    "max_charges": 50,
    "techniques": "WBLOCK_2",
    "use_action": {
      "type": "fireweapon_off",
      "target_id": "broadfire_on",
      "moves": 10,
      "noise": 10,
      "success_message": "Charge!!",
      "lacks_fuel_message": "No strength to fight!"
    },
    "flags": [ "DURABLE_MELEE", "SHEATH_SWORD" ]
  },
  {
    "id": "broadfire_on",
    "type": "TOOL",
    "category": "weapons",
    "name": "firebrand (on)",
    "name_plural": "firebrands (on)",
    "description": "This is a combination of two Dark Age conflict-resolution classics, the broadsword and the torch.  The blade is glowing with heat.  Excalibur can eat its heart out.  Use to shut it off.",
    "weight": 1474,
    "volume": 9,
    "price": 120000,
    "to_hit": 1,
    "bashing": 8,
    "cutting": 35,
    "material": "steel",
    "symbol": "/",
    "color": "red",
    "ammo": "gasoline",
    "max_charges": 50,
    "turns_per_charge": 30,
    "revert_to": "broadfire_off",
    "techniques": [ "WBLOCK_2" ],
    "use_action": [
      {
        "type": "fireweapon_on",
        "noise_chance": 35,
        "noise_message": "Your blade burns for combat!",
        "voluntary_extinguish_message": "Run away!",
        "charges_extinguish_message": "Thy strength fades!",
        "water_extinguish_message": "Your sword hisses in the water and goes out."
      },
      {
        "type": "firestarter",
        "moves": 30
      }
    ],
    "flags": [ "FIRE", "LIGHT_240", "CHARGEDIM", "FLAMING", "DURABLE_MELEE", "TRADER_AVOID" ]
  },
  {
    "id": "broadsword",
    "type": "TOOL",
    "category": "weapons",
    "name": "broadsword",
    "description": "This is an early modern sword seeing use in the 16th, 17th, and 18th centuries.  Called 'broad' to contrast with the slimmer rapiers.",
    "weight": 1133,
    "volume": 7,
    "price": 120000,
    "to_hit": 2,
    "bashing": 8,
    "cutting": 35,
    "material": "steel",
    "symbol": "/",
    "color": "light_gray",
    "techniques": "WBLOCK_1",
    "qualities": [ [ "CUT", 1 ], [ "BUTCHER", 9 ] ],
    "flags": [ "DURABLE_MELEE", "SHEATH_SWORD" ]
  },
  {
    "id": "carding_paddles",
    "type": "GENERIC",
    "category": "tools",
    "name": "carding paddles",
    "name_plural": "pairs of carding paddles",
    "description": "A pair of toothy wooden paddles used to clean fibers for use in textile production.",
    "weight": 360,
    "volume": 2,
    "price": 3000,
    "to_hit": 1,
    "bashing": 3,
    "material": [ "wood" ],
    "symbol": ";",
    "color": "brown"
  },
  {
    "id": "carver_off",
    "type": "TOOL",
    "name": "electric carver (off)",
    "name_plural": "electric carvers (off)",
    "description": "An electric meat carver powered by batteries.  Two serrated blades that vibrate together to slice just about anything from turkey to ham...  even zombies!",
    "weight": 1106,
    "volume": 6,
    "price": 2000,
    "bashing": 2,
    "cutting": 8,
    "material": [ "steel", "plastic" ],
    "symbol": "/",
    "color": "yellow",
    "ammo": "battery",
    "initial_charges": 100,
    "max_charges": 200,
    "use_action": "CARVER_OFF",
    "flags": [ "SHEATH_SWORD", "NONCONDUCTIVE" ]
  },
  {
    "id": "carver_on",
    "type": "TOOL",
    "name": "electric carver (on)",
    "name_plural": "electric carvers (on)",
    "description": "This carver is on and the blades are buzzing.  Use it to turn it off.",
    "weight": 1106,
    "volume": 6,
    "price": 2000,
    "bashing": 2,
    "cutting": 30,
    "material": [ "steel", "plastic" ],
    "symbol": "/",
    "color": "yellow",
    "ammo": "battery",
    "max_charges": 200,
    "turns_per_charge": 1,
    "revert_to": "carver_off",
    "qualities": [ [ "BUTCHER", 25 ] ],
    "use_action": "CARVER_ON",
    "flags": [ "MESSY", "TRADER_AVOID", "NONCONDUCTIVE" ]
  },
  {
    "id": "cavalry_sabre",
    "type": "TOOL",
    "category": "weapons",
    "name": "cavalry saber",
    "description": "This is a curved sword associated with cavalry from the Early Modern period onwards.  Lightweight but a deadly slashing weapon.",
    "weight": 910,
    "volume": 5,
    "price": 97000,
    "to_hit": 2,
    "bashing": 2,
    "cutting": 26,
    "material": "steel",
    "symbol": "/",
    "color": "dark_gray",
    "techniques": [ "WBLOCK_2", "RAPID" ],
    "qualities": [ [ "CUT", 1 ], [ "BUTCHER", 8 ] ],
    "flags": [ "DURABLE_MELEE", "SHEATH_SWORD" ]
  },
  {
    "id": "chainsaw_off",
    "type": "TOOL",
    "name": "chainsaw (off)",
    "name_plural": "chainsaws (off)",
    "description": "This is a lumbering tool moonlighting as weapon of opportunity.  If loaded with gas, using this item will cause it to turn on, turning it into a very powerful but unwieldy melee weapon.",
    "weight": 6577,
    "volume": 10,
    "price": 8000,
    "to_hit": -4,
    "bashing": 10,
    "material": [ "steel", "plastic" ],
    "symbol": "/",
    "color": "red",
    "ammo": "gasoline",
    "max_charges": 400,
    "techniques": "SWEEP",
    "use_action": "CHAINSAW_OFF",
    "flags": [ "NONCONDUCTIVE" ]
  },
  {
    "id": "chainsaw_on",
    "type": "TOOL",
    "name": "chainsaw (on)",
    "name_plural": "chainsaws (on)",
    "description": "This chainsaw is on and making a lot of noise.  Use it to turn it off.",
    "weight": 6577,
    "volume": 10,
    "price": 8000,
    "to_hit": -5,
    "bashing": 4,
    "cutting": 70,
    "material": [ "steel", "plastic" ],
    "symbol": "/",
    "color": "red",
    "ammo": "gasoline",
    "max_charges": 400,
    "turns_per_charge": 2,
    "revert_to": "chainsaw_off",
    "techniques": "SWEEP",
    "qualities": [ [ "AXE", 10 ] ],
    "use_action": "CHAINSAW_ON",
    "flags": [ "MESSY", "TRADER_AVOID", "NONCONDUCTIVE" ]
  },
  {
    "id": "chisel",
    "type": "TOOL",
    "name": "metalworking chisel",
    "description": "This is a short, stout metalworking chisel.  It's used in some metalworking fabrication recipes.",
    "weight": 660,
    "volume": 1,
    "price": 1600,
    "to_hit": 2,
    "bashing": 4,
    "cutting": 2,
    "material": "steel",
    "symbol": ";",
    "color": "light_gray",
    "qualities": [ [ "CHISEL", 3 ] ],
    "flags": [ "DURABLE_MELEE" ]
  },
  {
    "id": "circsaw_off",
    "type": "TOOL",
    "name": "circular saw (off)",
    "name_plural": "circular saws (off)",
    "description": "A lightweight handheld cordless circular saw.  Spins a circular blade fast enough to cut wood, metal, zombies, or in an emergency, pizza.  The blade, while effective in combat, is hard to hit with due to its small size.",
    "weight": 2940,
    "volume": 3,
    "price": 5000,
    "to_hit": -3,
    "bashing": 2,
    "cutting": 4,
    "material": [ "steel", "plastic" ],
    "symbol": "/",
    "color": "yellow",
    "ammo": "battery",
    "initial_charges": 50,
    "max_charges": 100,
    "charges_per_use": 1,
    "use_action": {
      "target": "circsaw_on",
      "msg": "You turn on the circular saw.",
      "active": true,
      "type": "transform"
    },
    "flags": [ "NONCONDUCTIVE" ]
  },
  {
    "id": "circsaw_on",
    "type": "TOOL",
    "name": "circular saw (on)",
    "name_plural": "circular saws (on)",
    "description": "A lightweight handheld cordless circular saw.  It is currently on and the blade is spinning; use this item to turn it off.",
    "weight": 2940,
    "volume": 3,
    "price": 5000,
    "to_hit": -3,
    "bashing": 2,
    "cutting": 50,
    "material": [ "steel", "plastic" ],
    "symbol": "/",
    "color": "yellow",
    "ammo": "battery",
    "max_charges": 100,
    "turns_per_charge": 1,
    "revert_to": "circsaw_off",
    "qualities": [ [ "SAW_W", 2 ], [ "SAW_M", 2 ], [ "BUTCHER", 60 ] ],
    "use_action": "CIRCSAW_ON",
    "flags": [ "MESSY", "TRADER_AVOID", "NONCONDUCTIVE" ]
  },
  {
    "id": "combatsaw_off",
    "type": "TOOL",
    "category": "weapons",
    "name": "combat chainsaw (off)",
    "name_plural": "combat chainsaws (off)",
    "description": "This is a chainsaw that has been lightened, tuned, and extensively modified to be a more effective weapon.  Unfortunately these modifications have rendered it much less effective as a woodcutting tool.",
    "weight": 5122,
    "volume": 9,
    "price": 25000,
    "to_hit": -3,
    "bashing": 8,
    "material": [ "steel", "aluminum" ],
    "symbol": "/",
    "color": "light_gray",
    "ammo": "gasoline",
    "max_charges": 1000,
    "use_action": "COMBATSAW_OFF"
  },
  {
    "id": "combatsaw_on",
    "type": "TOOL",
    "category": "weapons",
    "name": "combat chainsaw (on)",
    "name_plural": "combat chainsaws (on)",
    "description": "This combat chainsaw is on, and is continuously draining gasoline.  Use it to turn it off.",
    "weight": 5122,
    "volume": 9,
    "price": 25000,
    "to_hit": -4,
    "bashing": 8,
    "cutting": 82,
    "material": [ "steel", "aluminum" ],
    "symbol": "/",
    "color": "light_gray",
    "ammo": "gasoline",
    "max_charges": 1000,
    "turns_per_charge": 1,
    "revert_to": "combatsaw_off",
    "techniques": "SWEEP",
    "qualities": [ [ "AXE", 5 ] ],
    "use_action": "COMBATSAW_ON",
    "flags": [ "MESSY", "DURABLE_MELEE", "TRADER_AVOID" ]
  },
  {
    "id": "copper_ax",
    "type": "TOOL",
    "name": "copper axe",
    "description": "This is a decent-sized chunk of worked copper affixed to a wooden shaft, to make a crude yet effective axe.",
    "weight": 3700,
    "volume": 14,
    "price": 5500,
    "bashing": 18,
    "cutting": 12,
    "material": [ "wood", "copper" ],
    "symbol": "/",
    "color": "brown",
    "qualities": [ [ "AXE", 4] ],
    "flags": [ "NONCONDUCTIVE" ]
  },
  {
    "id": "copper_knife",
    "type": "TOOL",
    "name": "copper knife",
    "name_plural": "copper knives",
    "description": "A knife consisting of crudely-worked copper, and a simple handle.  Primitive, but a step above stone-age.",
    "weight": 650,
    "volume": 1,
    "price": 3000,
    "bashing": 2,
    "cutting": 12,
    "material": [ "copper" ],
    "symbol": ";",
    "color": "brown",
    "qualities": [ [ "CUT", 1 ], [ "BUTCHER", 11 ] ],
    "flags": [ "STAB", "SHEATH_KNIFE" ]
  },
  {
    "id": "crowbar",
    "type": "TOOL",
    "name": "crowbar",
    "description": "This is a hefty prying tool.  Use it to open locked doors without destroying them or to lift manhole covers.  You could also wield it to bash some heads in.",
    "weight": 500,
    "volume": 4,
    "price": 1300,
    "to_hit": 2,
    "bashing": 14,
    "cutting": 1,
    "material": "steel",
    "symbol": ";",
    "color": "dark_gray",
    "qualities": [ [ "PRY", 2 ] ],
    "use_action": "CROWBAR",
    "flags": [ "BELT_CLIP" ]
  },
  {
    "id": "cs_lajatang_off",
    "type": "TOOL",
    "name": "chainsaw lajatang (off)",
    "name_plural": "chainsaw lajatangs (off)",
    "description": "A long wooden pole with chainsaws impractically attached to both ends.  The product of either genius or insanity, but not both; the weight ensures that only someone both strong and very skilled could possibly hope to use it.",
    "weight": 14254,
    "volume": 30,
    "price": 40000,
    "to_hit": -5,
    "bashing": 20,
    "material": [ "plastic", "steel" ],
    "symbol": "/",
    "color": "red",
    "ammo": "gasoline",
    "max_charges": 800,
    "turns_per_charge": 1,
    "revert_to": "chainsaw_off",
    "techniques": [ "WBLOCK_1", "SPIN" ],
    "use_action": "CS_LAJATANG_OFF",
    "flags": [ "NONCONDUCTIVE" ]
  },
  {
    "id": "cs_lajatang_on",
    "type": "TOOL",
    "name": "chainsaw lajatang (on)",
    "name_plural": "chainsaw lajatangs (on)",
    "description": "A long wooden pole with chainsaws impractically attached to both ends.  They are currently on and draining gasoline; use this item to turn them off.",
    "weight": 14254,
    "volume": 30,
    "price": 40000,
    "to_hit": -5,
    "bashing": 4,
    "cutting": 140,
    "material": [ "plastic", "steel" ],
    "symbol": "/",
    "color": "red",
    "ammo": "gasoline",
    "max_charges": 800,
    "turns_per_charge": 1,
    "revert_to": "cs_lajatang_off",
    "techniques": [ "WBLOCK_1", "SPIN", "SWEEP" ],
    "use_action": "CS_LAJATANG_ON",
    "flags": [ "MESSY", "HURT_WHEN_PULLED", "DURABLE_MELEE", "TRADER_AVOID", "NONCONDUCTIVE" ]
  },
  {
    "id": "cutlass",
    "type": "TOOL",
    "category": "weapons",
    "name": "cutlass",
    "name_plural": "cutlasses",
    "description": "This is a broad saber known for its use by sailors and pirates, as its short blade is easy to handle in close quarters.",
    "weight": 955,
    "volume": 5,
    "price": 96000,
    "to_hit": 2,
    "bashing": 7,
    "cutting": 27,
    "material": "steel",
    "symbol": "/",
    "color": "dark_gray",
    "techniques": "WBLOCK_1",
    "qualities": [ [ "CUT", 1 ], [ "BUTCHER", 9 ] ],
    "flags": [ "DURABLE_MELEE", "SHEATH_SWORD" ]
  },
  {
    "id": "digging_stick",
    "type": "GENERIC",
    "name": "digging stick",
    "description": "This is a large stick, with the end carved into a broad blade for digging.  It could be used to dig shallow pits, but not deep ones.",
    "weight": 1133,
    "volume": 6,
    "price": 0,
    "bashing": 8,
    "material": "wood",
    "symbol": "/",
    "color": "brown",
    "qualities": [ [ "DIG", 1 ] ]
  },
  {
    "id": "distaff_spindle",
    "type": "GENERIC",
    "category": "tools",
    "name": "distaff and spindle",
    "name_plural": "distaves and spindles",
    "description": "A pair of specialized wooden rods used to spin fibers into thread and yarn.",
    "weight": 612,
    "volume": 6,
    "price": 7000,
    "to_hit": 1,
    "bashing": 4,
    "material": [ "wood" ],
    "symbol": "/",
    "color": "brown",
    "techniques": [ "WBLOCK_1" ]
  },
  {
    "id": "diveknife",
    "type": "TOOL",
    "category": "weapons",
    "name": "dive knife",
    "name_plural": "dive knives",
    "//": "Too small to be effectively used for butchering, still not bad at it due to serrated edge.",
    "description": "This is a short, sturdy knife with a serrated edge for cutting lines and straps, and a blunt tip for prying.  Used primarily by divers, it is very light and takes up virtually no space in one's pockets.",
    "weight": 226,
    "volume": 0,
    "price": 14000,
    "cutting": 12,
    "material": [ "steel", "plastic" ],
    "symbol": ";",
    "color": "yellow",
    "qualities": [ [ "CUT", 1 ], [ "PRY", 1 ], [ "BUTCHER", 15 ] ],
    "use_action": "CROWBAR",
    "flags": [ "SHEATH_KNIFE" ]
  },
  {
    "id": "e_tool",
    "type": "TOOL",
    "name": "entrenching tool",
    "description": "This is a stout collapsible spade.  It's commonly used by military forces and favored by hikers for digging.",
    "weight": 628,
    "volume": 4,
    "price": 4000,
    "to_hit": 1,
    "bashing": 10,
    "cutting": 8,
    "material": "steel",
    "symbol": "/",
    "color": "dark_gray",
    "qualities": [ [ "CUT", 1 ], [ "DIG", 3 ], [ "BUTCHER", -8 ] ],
    "flags": [ "DURABLE_MELEE", "NEEDS_UNFOLD" ]
  },
  {
    "id": "elec_chainsaw_off",
    "type": "TOOL",
    "name": "electric chainsaw (off)",
    "name_plural": "electric chainsaws (off)",
    "description": "This is a lumbering tool moonlighting as weapon of opportunity.  If loaded with batteries, using this item will cause it to turn on, turning it into a very powerful but unwieldy melee weapon.",
    "weight": 6577,
    "volume": 10,
    "price": 8000,
    "to_hit": -4,
    "bashing": 10,
    "material": [ "steel", "plastic" ],
    "symbol": "/",
    "color": "red",
    "ammo": "battery",
    "max_charges": 400,
    "techniques": "SWEEP",
    "use_action": "ELEC_CHAINSAW_OFF",
    "flags": [ "NONCONDUCTIVE" ]
  },
  {
    "id": "elec_chainsaw_on",
    "type": "TOOL",
    "name": "electric chainsaw (on)",
    "name_plural": "electric chainsaws (on)",
    "description": "This electric chainsaw is on and making a lot of noise.  Use it to turn it off.",
    "weight": 6577,
    "volume": 10,
    "price": 8000,
    "to_hit": -5,
    "bashing": 4,
    "cutting": 70,
    "material": [ "steel", "plastic" ],
    "symbol": "/",
    "color": "red",
    "ammo": "battery",
    "max_charges": 400,
    "turns_per_charge": 2,
    "revert_to": "elec_chainsaw_off",
    "techniques": "SWEEP",
    "qualities": [ [ "AXE", 10 ] ],
    "use_action": "ELEC_CHAINSAW_ON",
    "flags": [ "MESSY", "TRADER_AVOID", "NONCONDUCTIVE" ]
  },
  {
    "id": "elec_jackhammer",
    "type": "TOOL",
    "name": "electric jackhammer",
    "description": "This is a construction tool for drilling through hard rock or other surfaces.  It runs on batteries.  Use it (if loaded) to blast a hole in adjacent solid terrain.",
    "weight": 15875,
    "volume": 20,
    "price": 40000,
    "to_hit": -8,
    "bashing": 14,
    "cutting": 6,
    "material": "steel",
    "symbol": ";",
    "color": "light_gray",
    "ammo": "battery",
    "max_charges": 400,
    "charges_per_use": 10,
    "use_action": "JACKHAMMER",
    "flags": [ "STAB" ]
  },
  {
    "id": "extinguisher",
    "type": "TOOL",
    "name": "large fire extinguisher",
    "description": "This is an emergency fire extinguisher containing three gallons of fire retardant foam.  It would be useful for putting out adjacent fires.",
    "weight": 9071,
    "volume": 46,
    "price": 5000,
    "to_hit": -4,
    "bashing": 16,
    "material": "steel",
    "symbol": ";",
    "color": "red",
    "initial_charges": 60,
    "max_charges": 60,
    "charges_per_use": 1,
    "use_action": "EXTINGUISHER"
  },
  {
    "id": "fire_ax",
    "type": "TOOL",
    "name": "fire axe",
    "description": "This is a large, two-handed pickhead axe normally used by firefighters.  It makes a powerful melee weapon, but is a bit slow to recover between swings.",
    "weight": 2520,
    "volume": 8,
    "price": 20000,
    "to_hit": 1,
    "bashing": 20,
    "cutting": 20,
    "material": [ "steel", "wood" ],
    "symbol": "/",
    "color": "light_gray",
    "techniques": [ "BRUTAL" ],
    "qualities": [ [ "AXE", 6  ] ],
    "flags": [ "DURABLE_MELEE", "NONCONDUCTIVE" ]
  },
  {
    "id": "firekatana_off",
    "type": "TOOL",
    "category": "weapons",
    "name": "Rising Sun (off)",
    "name_plural": "Rising Suns (off)",
    "description": "This is a katana with a nozzle just behind the cutting edge of the blade.  People love fire, and people love katanas, so why not put them together?  The gas burners attached to this blade can really turn up the heat on your foes.  Use to ignite.",
    "weight": 1400,
    "volume": 9,
    "price": 98000,
    "bashing": 4,
    "cutting": 31,
    "material": "steel",
    "symbol": "/",
    "color": "light_gray",
    "ammo": "gasoline",
    "max_charges": 50,
    "techniques": [ "RAPID", "WBLOCK_2" ],
    "use_action": {
      "type": "fireweapon_off",
      "target_id": "firekatana_on",
      "moves": 10,
      "noise": 10,
      "success_message": "The Sun rises.",
      "lacks_fuel_message": "Time stands still."
    },
    "flags": [ "FIRE", "DURABLE_MELEE", "SHEATH_SWORD" ]
  },
  {
    "id": "firekatana_on",
    "type": "TOOL",
    "category": "weapons",
    "name": "Rising Sun (on)",
    "name_plural": "Rising Suns (on)",
    "description": "This is a katana that glows with the fury and heat of the SUN!  Well, okay it's not THAT hot, but getting hit with it still stings like the dickens.  Use to shut off the gas.",
    "weight": 1400,
    "volume": 9,
    "price": 98000,
    "bashing": 4,
    "cutting": 31,
    "material": "steel",
    "symbol": "/",
    "color": "red",
    "ammo": "gasoline",
    "max_charges": 50,
    "turns_per_charge": 30,
    "revert_to": "firekatana_off",
    "techniques": [ "RAPID", "WBLOCK_2" ],
    "use_action": [
      {
        "type": "fireweapon_on",
        "target_id": "firemachete_off",
        "noise_chance": 35,
        "noise_message": "The Sun shines brightly.",
        "voluntary_extinguish_message": "The Sun sets.",
        "charges_extinguish_message": "The Light Fades.",
        "water_extinguish_message": "Your sword hisses in the water and goes out."
      },
      {
        "type": "firestarter",
        "moves": 30
      }
    ],
    "flags": [ "FIRE", "LIGHT_240", "CHARGEDIM", "FLAMING", "DURABLE_MELEE", "TRADER_AVOID" ]
  },
  {
    "id": "firemachete_off",
    "type": "TOOL",
    "category": "weapons",
    "name": "No. 9 (off)",
    "name_plural": "No. 9's (off)",
    "description": "This huge steel knife has been modified with a fuel tank, insulated handguard, and ignition system.  When filled with gasoline, a system of torches heats the blade, burning your target.",
    "weight": 1814,
    "volume": 6,
    "price": 28000,
    "to_hit": 1,
    "bashing": 6,
    "cutting": 20,
    "material": "steel",
    "symbol": "/",
    "color": "dark_gray",
    "ammo": "gasoline",
    "max_charges": 50,
    "techniques": "WBLOCK_1",
    "use_action": {
      "type": "fireweapon_off",
      "target_id": "firemachete_on",
      "moves": 10,
      "noise": 0,
      "success_chance": 2,
      "success_message": "Your No. 9 glows!",
      "failure_message": "Click.",
      "lacks_fuel_message": "Click."
    },
    "flags": [ "FIRE", "DURABLE_MELEE", "SHEATH_SWORD" ]
  },
  {
    "id": "firemachete_on",
    "type": "TOOL",
    "category": "weapons",
    "name": "No. 9 (on)",
    "name_plural": "No. 9's (on)",
    "description": "This huge steel knife has been modified with a fuel tank, insulated handguard, and ignition system.  The blade is glowing with heat, making it a great plant scorcher and nightlight.",
    "weight": 1814,
    "volume": 6,
    "price": 28000,
    "to_hit": 1,
    "bashing": 6,
    "cutting": 20,
    "material": "steel",
    "symbol": "/",
    "color": "red",
    "ammo": "gasoline",
    "max_charges": 50,
    "turns_per_charge": 30,
    "revert_to": "firemachete_off",
    "techniques": [ "WBLOCK_1" ],
    "use_action": [
      {
        "type": "fireweapon_on",
        "target_id": "firemachete_off",
        "noise": 5,
        "noise_chance": 25,
        "noise_message": "Your No. 9 hisses.",
        "auto_extinguish_chance": 100,
        "auto_extinguish_message": "Your No. 9 cuts out!",
        "voluntary_extinguish_message": "Your No. 9 goes dark.",
        "charges_extinguish_message": "Out of ammo!",
        "water_extinguish_message": "Your No. 9 hisses in the water and goes out."
      },
      {
        "type": "firestarter",
        "moves": 30
      }
    ],
    "flags": [ "FIRE", "LIGHT_240", "CHARGEDIM", "FLAMING", "DURABLE_MELEE", "TRADER_AVOID" ]
  },
  {
    "id": "g_shovel",
    "type": "TOOL",
    "name": "trowel",
    "description": "A small, sharp gardening shovel, perfect for digging up grubs and worms.",
    "weight": 280,
    "volume": 2,
    "price": 20,
    "to_hit": 1,
    "bashing": 3,
    "cutting": 5,
    "material": "steel",
    "symbol": "/",
    "color": "dark_gray",
    "qualities": [ [ "DIG", 1 ], [ "BUTCHER", -4 ] ]
  },
  {
    "id": "grapnel",
    "type": "GENERIC",
    "category": "tools",
    "name": "grappling hook",
    "description": "A folding grappling hook attached to a stout 30-foot long piece of lightweight cord.  Useful for keeping yourself safe from falls.",
    "weight": 760,
    "volume": 3,
    "price": 25000,
    "to_hit": -2,
    "bashing": 12,
    "cutting": 6,
    "material": [ "cotton", "steel" ],
    "symbol": ";",
    "color": "light_gray",
    "techniques": [ "RAPID", "SPIN" ],
    "flags": [ "DURABLE_MELEE", "NONCONDUCTIVE" ]
  },
  {
    "id": "halligan",
    "type": "TOOL",
    "name": "Halligan bar",
    "description": "This is a heavy multiple-use tool commonly carried by firefighters, law enforcement, and military rescue units.  Use it to open locked doors without destroying them or to lift manhole covers.  You could also wield it to bash some heads in.",
    "weight": 3600,
    "volume": 5,
    "price": 7500,
    "to_hit": 2,
    "bashing": 20,
    "cutting": 5,
    "material": "steel",
    "symbol": ";",
    "color": "dark_gray",
    "techniques": [ "WIDE", "BRUTAL" ],
    "qualities": [ [ "PRY", 4 ], [ "HAMMER", 2 ], [ "DIG", 1 ] ],
    "use_action": "CROWBAR",
    "flags": [ "DURABLE_MELEE", "BELT_CLIP" ]
  },
  {
    "id": "hammer",
    "type": "TOOL",
    "name": "hammer",
    "description": "This is a demagnetized steel hammer with a wooden grip.  With a hammer, nails, and two by fours in your inventory, you could board up adjacent doors and windows.  It has myriad other uses as well.",
    "weight": 566,
    "volume": 2,
    "price": 700,
    "to_hit": 1,
    "bashing": 9,
    "material": [ "steel", "wood" ],
    "symbol": ";",
    "color": "brown",
    "qualities": [ [ "HAMMER", 3 ], [ "HAMMER_FINE", 1 ] ],
    "use_action": "HAMMER",
    "flags": [ "BELT_CLIP", "NONCONDUCTIVE" ]
  },
  {
    "id": "hoe",
    "type": "TOOL",
    "name": "hoe",
    "description": "This is a farming implement.  Use it to turn tillable land into a slow-to-cross pile of dirt.",
    "weight": 1088,
    "volume": 14,
    "price": 2000,
    "to_hit": 3,
    "bashing": 10,
    "cutting": 6,
    "material": [ "steel", "wood" ],
    "symbol": "/",
    "color": "brown",
    "use_action": "MAKEMOUND"
  },
  {
    "id": "honey_scraper",
    "type": "TOOL",
    "name": "honey scraper",
    "description": "A sharp, knife-like tool used in harvesting honey from beehives.  Makes a passable melee weapon.",
    "weight": 580,
    "volume": 1,
    "price": 1000,
    "bashing": 1,
    "cutting": 8,
    "material": [ "steel" ],
    "symbol": ",",
    "color": "dark_gray",
    "qualities": [ [ "CUT", 1 ], [ "BUTCHER", 3 ] ],
    "flags": [ "STAB", "SHEATH_KNIFE" ]
  },
  {
    "id": "iceaxe",
    "type": "TOOL",
    "name": "ice axe",
    "description": "This is an ice axe with hammer on its head, a multi-purpose hiking and climbing tool used by mountaineers.  It is sturdy enough, so you can use it to pry open closed doors or lift manhole covers.",
    "weight": 500,
    "volume": 3,
    "price": 5000,
    "to_hit": 2,
    "bashing": 14,
    "cutting": 3,
    "material": "steel",
    "symbol": ";",
    "color": "dark_gray",
    "techniques": [ "WBLOCK_1" ],
    "qualities": [ [ "HAMMER", 2 ], [ "HAMMER_FINE", 1 ], [ "PRY", 2 ] ],
    "use_action": "CROWBAR",
    "flags": [ "DURABLE_MELEE", "BELT_CLIP" ]
  },
  {
    "id": "jackhammer",
    "type": "TOOL",
    "name": "jackhammer",
    "description": "This is a construction tool for drilling through hard rock or other surfaces.  It runs on gasoline.  Use it (if loaded) to blast a hole in adjacent solid terrain.",
    "weight": 15875,
    "volume": 20,
    "price": 40000,
    "to_hit": -8,
    "bashing": 14,
    "cutting": 6,
    "material": "steel",
    "symbol": ";",
    "color": "light_gray",
    "ammo": "gasoline",
    "max_charges": 400,
    "charges_per_use": 10,
    "use_action": "JACKHAMMER",
    "flags": [ "STAB" ]
  },
  {
    "id": "katana",
    "type": "TOOL",
    "category": "weapons",
    "name": "katana",
    "description": "This is a rare sword from Japan.  Deadly against unarmored targets, and still very effective against armor.",
    "weight": 1133,
    "volume": 8,
    "price": 98000,
    "to_hit": 1,
    "bashing": 4,
    "cutting": 31,
    "material": "steel",
    "symbol": "/",
    "color": "light_gray",
    "techniques": [ "RAPID", "WBLOCK_2" ],
    "qualities": [ [ "CUT", 1 ], [ "BUTCHER", 9 ] ],
    "flags": [ "DURABLE_MELEE", "SHEATH_SWORD" ]
  },
  {
    "id": "knife_butcher",
    "type": "TOOL",
    "category": "weapons",
    "name": "butcher knife",
    "name_plural": "butcher knives",
    "description": "This is a sharp, heavy knife.  It makes a good melee weapon, and is an ideal item for butchering corpses.",
    "weight": 680,
    "volume": 2,
    "price": 3000,
    "to_hit": -1,
    "bashing": 2,
    "cutting": 10,
    "material": "steel",
    "symbol": ";",
    "color": "light_gray",
    "qualities": [ [ "CUT", 1 ], [ "CUT_FINE", 1 ], [ "BUTCHER", 25 ] ],
    "flags": [ "SHEATH_KNIFE" ]
  },
  {
    "id": "knife_combat",
    "type": "TOOL",
    "category": "weapons",
    "name": "combat knife",
    "name_plural": "combat knives",
    "description": "This is a military combat knife.  It is light and extremely sharp, and could be deadly in either the right hands or when attached as a bayonet.",
    "weight": 558,
    "volume": 2,
    "price": 10000,
    "to_hit": 1,
    "bashing": 2,
    "cutting": 18,
    "material": [ "steel", "plastic" ],
    "symbol": ";",
    "color": "dark_gray",
    "gunmod_data": {
      "location": "underbarrel",
      "mod_targets": [ "shotgun", "rifle", "smg", "crossbow" ],
      "dispersion_modifier": 10,
      "mode_modifier": [ [ "REACH", "bayonet", 2, [ "MELEE" ] ] ],
      "min_skills": [ [ "weapon", 2 ], [ "melee", 1 ] ]
    },
    "techniques": "RAPID",
    "qualities": [ [ "CUT", 1 ], [ "CUT_FINE", 1 ], [ "BUTCHER", 19 ] ],
    "flags": [ "STAB", "DURABLE_MELEE", "SHEATH_KNIFE", "NPC_THROWN" ]
  },
  {
    "id": "knife_hunting",
    "type": "TOOL",
    "category": "weapons",
    "name": "hunting knife",
    "name_plural": "hunting knives",
    "//": "Highest non-powertool butchering quality.  It's made for skinning and butchering game, which is what you're generally doing.",
    "description": "Commonly used by hunters, this single-edge sheath knife is designed for cutting and skinning game rather than combat.",
    "weight": 390,
    "volume": 1,
    "price": 4000,
    "cutting": 16,
    "material": [ "steel", "leather" ],
    "symbol": "/",
    "color": "dark_gray",
    "qualities": [ [ "CUT", 1 ], [ "CUT_FINE", 1 ], [ "BUTCHER", 30 ] ],
    "flags": [ "SHEATH_KNIFE" ]
  },
  {
    "id": "knife_rambo",
    "type": "TOOL",
    "category": "weapons",
    "name": "survival knife",
    "name_plural": "survival knives",
    "//": "This isn't really supposed to be a very good knife, or a very good saw.  It's more for looking scary.",
    "description": "This massive knife features a hollow handle with a compass built into the pommel and a row of fearsome looking saw teeth along the back of its blade.",
    "weight": 612,
    "volume": 4,
    "price": 2000,
    "bashing": 4,
    "cutting": 15,
    "material": [ "steel", "plastic" ],
    "symbol": ";",
    "color": "dark_gray",
    "techniques": [ "WBLOCK_1" ],
    "qualities": [ [ "CUT", 1 ], [ "SAW_W", 1 ], [ "SAW_M", 1 ], [ "BUTCHER", 7 ] ],
    "flags": [ "STAB", "SHEATH_SWORD" ]
  },
  {
    "id": "knife_rm42",
    "type": "TOOL",
    "category": "weapons",
    "name": "RM42 fighting knife",
    "name_plural": "RM42 fighting knives",
    "description": "This sturdy matte black Rivtech combat dagger features a long and slim double-edged blade with a spear-point and a distinctive slip-resistant grip which can also be used to affix it to a suitable firearm.  Originally manufactured for the military, it was very popular in films and among collectors due to its fearsome appearance.",
    "weight": 188,
    "volume": 3,
    "price": 45000,
    "to_hit": 2,
    "bashing": 2,
    "cutting": 20,
    "material": [ "ceramic", "plastic" ],
    "symbol": "/",
    "color": "dark_gray",
    "gunmod_data": {
      "location": "underbarrel",
      "mod_targets": [ "shotgun", "rifle" ],
      "dispersion_modifier": 10,
      "mode_modifier": [ [ "REACH", "bayonet", 2, [ "MELEE" ] ] ],
      "min_skills": [ [ "weapon", 2 ], [ "melee", 1 ] ]
    },
    "techniques": [ "RAPID", "WBLOCK_1" ],
    "qualities": [ [ "CUT", 1 ], [ "CUT_FINE", 1 ], [ "BUTCHER", 19 ] ],
    "flags": [ "STAB", "DURABLE_MELEE", "SHEATH_KNIFE", "NO_CVD" ]
  },
  {
    "id": "knife_steak",
    "type": "TOOL",
    "name": "steak knife",
    "name_plural": "steak knives",
    "description": "This is a sharp knife, designed for cutting meat.  It makes a poor melee weapon, but is decent at butchering corpses.",
    "weight": 453,
    "volume": 1,
    "price": 250,
    "to_hit": -1,
    "bashing": 2,
    "cutting": 7,
    "material": "steel",
    "symbol": ";",
    "color": "light_gray",
    "qualities": [ [ "CUT", 1 ], [ "CUT_FINE", 1 ], [ "BUTCHER", 20 ] ],
    "flags": [ "STAB", "SHEATH_KNIFE" ]
  },
  {
    "id": "knife_swissarmy",
    "type": "TOOL",
    "name": "Swiss Army knife",
    "name_plural": "Swiss Army knives",
    "//": "The swiss army knife is a bit more of a knife than a toolkit.",
    "description": "An iconic pocket knife imported from Europe.  Its red plastic handle conceals many small tools.",
    "weight": 246,
    "volume": 0,
    "price": 3000,
    "to_hit": -2,
    "cutting": 6,
    "material": [ "steel", "plastic" ],
    "symbol": ";",
    "color": "red",
    "qualities": [ [ "CUT", 1 ], [ "SAW_W", 1 ], [ "SAW_M", 1 ], [ "SCREW", 1 ], [ "BUTCHER", 8 ] ],
    "flags": [ "STAB" ]
  },
  {
    "id": "knife_trench",
    "type": "TOOL",
    "category": "weapons",
    "name": "trench knife",
    "name_plural": "trench knives",
    "description": "This stout combat knife features a steel guard to protect the user's knuckles.  The guard can also be used for striking or blocking, and the knife can also be used to butcher corpses.",
    "weight": 608,
    "volume": 2,
    "price": 11000,
    "to_hit": 1,
    "bashing": 6,
    "cutting": 14,
    "material": [ "steel", "wood" ],
    "symbol": ";",
    "color": "dark_gray",
    "techniques": [ "WBLOCK_1" ],
    "qualities": [ [ "CUT", 1 ], [ "CUT_FINE", 1 ], [ "BUTCHER", 19 ] ],
    "flags": [ "DURABLE_MELEE", "STAB", "SHEATH_KNIFE" ]
  },
  {
    "id": "kris",
    "type": "TOOL",
    "category": "weapons",
    "name": "kris",
    "name_plural": "krises",
    "description": "This wavy bladed dagger comes from Southeast Asia.  The design of the blade causes it to make broad, painful wounds.",
    "weight": 558,
    "volume": 3,
    "price": 9000,
    "to_hit": 1,
    "bashing": 1,
    "cutting": 14,
    "material": "steel",
    "symbol": "/",
    "color": "dark_gray",
    "techniques": [ "RAPID", "BRUTAL" ],
    "qualities": [ [ "CUT", 1 ], [ "BUTCHER", 12 ] ],
    "flags": [ "STAB", "DURABLE_MELEE", "SHEATH_SWORD" ]
  },
  {
    "id": "kukri",
    "type": "TOOL",
    "category": "weapons",
    "name": "kukri",
    "description": "This versatile implement is a modern take on a traditional weapon that originated in Nepal.  Featuring a heavy blade with an inwardly curved edge, it is used as both a tool and as a weapon.",
    "weight": 450,
    "volume": 3,
    "price": 8000,
    "to_hit": 1,
    "bashing": 2,
    "cutting": 20,
    "material": [ "steel", "plastic" ],
    "symbol": "/",
    "color": "dark_gray",
    "techniques": "WBLOCK_1",
    "qualities": [ [ "CUT", 1 ], [ "CUT_FINE", 1 ], [ "BUTCHER", 18 ] ],
    "flags": [ "DURABLE_MELEE", "SHEATH_KNIFE" ]
  },
  {
    "id": "l-stick",
    "type": "TOOL",
    "category": "weapons",
    "name": "L-stick (off)",
    "name_plural": "L-sticks (off)",
    "description": "Produced by the Light corporation, this stylish staff not only functions as a light source, but doubles as a light-weight weapon, due to the superalloy materials it is made of.  Due to proprietary efficiency improvements over standard light sources, the L-stick or light stick as it is commonly called, batteries last longer than other light sources.",
    "weight": 1000,
    "volume": 12,
    "price": 5000,
    "to_hit": 3,
    "bashing": 18,
    "material": [ "superalloy", "steel" ],
    "symbol": "/",
    "color": "light_gray",
    "ammo": "battery",
    "max_charges": 1000,
    "charges_per_use": 1,
    "techniques": [ "WBLOCK_1", "RAPID" ],
    "use_action": {
      "target": "l-stick_on",
      "msg": "The L-stick(tm) lights up.",
      "active": true,
      "need_charges": 1,
      "need_charges_msg": "The L-stick(tm)'s batteries are empty.",
      "type": "transform"
    },
    "flags": [ "DURABLE_MELEE" ]
  },
  {
    "id": "l-stick_on",
    "type": "TOOL",
    "category": "weapons",
    "name": "L-stick (on)",
    "name_plural": "L-sticks (on)",
    "description": "Produced by the Light corporation, this stylish staff not only functions as a light source, but doubles as a light-weight weapon, due to the superalloy materials it is made of.  Due to proprietary efficiency improvements over standard light sources, the L-stick or light stick as it is commonly called, batteries last longer than other light sources.  The staff is glowing brightly, which is slowly draining the batteries.",
    "weight": 1000,
    "volume": 12,
    "price": 8000,
    "to_hit": 3,
    "bashing": 18,
    "material": [ "superalloy", "steel" ],
    "symbol": ";",
    "color": "blue",
    "ammo": "battery",
    "max_charges": 1000,
    "turns_per_charge": 40,
    "revert_to": "l-stick",
    "techniques": [ "WBLOCK_1", "RAPID" ],
    "use_action": {
      "target": "l-stick",
      "msg": "The l-stick(tm)'s light fades away.",
      "menu_text": "Turn off",
      "type": "transform"
    },
    "flags": [ "LIGHT_300", "DURABLE_MELEE", "TRADER_AVOID" ]
  },
  {
    "id": "lobotomizer",
    "type": "TOOL",
    "name": "lobotomizer",
    "description": "This is a hand-forged collapsible tool that has two axe heads and sharp shovel-like tip on one end.  It can be used as a shovel, or you could chop some zombies with it instead.",
    "weight": 2722,
    "volume": 7,
    "price": 25000,
    "to_hit": -1,
    "bashing": 13,
    "cutting": 26,
    "material": [ "steel" ],
    "symbol": "/",
    "color": "dark_gray",
    "qualities": [ [ "DIG", 2 ], [ "AXE", 5 ], [ "CUT", 1 ], [ "BUTCHER", -8] ],
    "flags": [ "NEEDS_UNFOLD" ]
  },
  {
    "id": "machete",
    "type": "TOOL",
    "category": "weapons",
    "name": "machete",
    "description": "This huge steel knife makes an excellent tool for cutting down large vegetation or other 'obstacles.'",
    "weight": 538,
    "volume": 4,
    "price": 2800,
    "to_hit": 2,
    "bashing": 6,
    "cutting": 20,
    "material": "steel",
    "symbol": "/",
    "color": "dark_gray",
    "techniques": "WBLOCK_1",
    "qualities": [ [ "CUT", 1 ], [ "BUTCHER", 15 ] ],
    "flags": [ "DURABLE_MELEE", "SHEATH_SWORD" ]
  },
  {
    "id": "makeshift_crowbar",
    "type": "TOOL",
    "name": "makeshift crowbar",
    "description": "This is a pipe whose ends have been bent and hammered flat to resemble a crowbar.  Use it to open locked doors without destroying them, or to lift manhole covers.  You could also wield it to fight with, in a pinch.",
    "weight": 762,
    "volume": 6,
    "price": 0,
    "to_hit": 2,
    "bashing": 12,
    "cutting": 1,
    "material": "steel",
    "symbol": ";",
    "color": "dark_gray",
    "qualities": [ [ "PRY", 1 ] ],
    "use_action": "CROWBAR",
    "flags": [ "BELT_CLIP" ]
  },
  {
    "id": "makeshift_halberd",
    "type": "GENERIC",
    "name": "makeshift glaive",
    "//": "Name changed to glaive, but changing the id would break e.g.  tilesets.",
    "description": "This is a large blade attached to a long stick.  It could do a considerable amount of damage.",
    "weight": 1800,
    "volume": 12,
    "price": 5000,
    "to_hit": 2,
    "bashing": 6,
    "cutting": 20,
    "material": "steel",
    "symbol": "/",
    "color": "light_gray",
    "techniques": "WBLOCK_1",
    "flags": [ "REACH_ATTACK" ]
  },
  {
    "id": "makeshift_hammer",
    "type": "TOOL",
    "name": "makeshift hammer",
    "description": "This is a crude hammer make from a piece of metal affixed to a stick.  It functions adequately as a hammer, but really can't compare to a proper one.",
    "weight": 1020,
    "volume": 2,
    "price": 0,
    "bashing": 9,
    "material": [ "steel", "wood" ],
    "symbol": ";",
    "color": "brown",
    "qualities": [ [ "HAMMER", 2 ], [ "HAMMER_FINE", 1 ] ],
    "use_action": "HAMMER",
    "flags": [ "NONCONDUCTIVE" ]
  },
  {
    "id": "makeshift_knife",
    "type": "TOOL",
    "name": "makeshift knife",
    "name_plural": "makeshift knives",
    "description": "A knife consisting of a long, somewhat sharpened, spike and a tightly wrapped rag as a handle.  It makes a good melee weapon.",
    "weight": 550,
    "volume": 2,
    "price": 0,
    "to_hit": -1,
    "bashing": 2,
    "cutting": 10,
    "material": [ "steel" ],
    "symbol": ";",
    "color": "dark_gray",
    "qualities": [ [ "CUT", 1 ], [ "BUTCHER", 11 ] ],
    "flags": [ "STAB", "SHEATH_KNIFE" ]
  },
  {
    "id": "makeshift_machete",
    "type": "TOOL",
    "category": "weapons",
    "name": "makeshift machete",
    "description": "This is a large blade that has had a portion of the handle wrapped in duct tape, making it easier to wield as a rough machete.",
    "weight": 581,
    "volume": 8,
    "price": 1000,
    "to_hit": 1,
    "bashing": 4,
    "cutting": 14,
    "material": "steel",
    "symbol": "/",
    "color": "light_gray",
    "qualities": [ [ "CUT", 1 ], [ "BUTCHER", -27 ] ],
    "flags": [ "SHEATH_SWORD" ]
  },
  {
    "id": "mop",
    "type": "TOOL",
    "name": "mop",
    "description": "This is an unwieldy mop.  Good for cleaning up spills.  Use to mop up any 'mess' you may have made.",
    "weight": 929,
    "volume": 7,
    "price": 1000,
    "to_hit": -1,
    "bashing": 6,
    "material": "wood",
    "symbol": "/",
    "color": "light_gray",
    "techniques": "WBLOCK_1",
    "use_action": "MOP"
  },
  {
    "id": "multitool",
    "type": "TOOL",
    "name": "multi-tool",
    "//": "The multi-tool is a bit more of a toolkit than a knife.",
    "description": "A cleverly designed all-in-one tool which combines several smaller tools into the handles of a pair of pliers.",
    "weight": 494,
    "volume": 1,
    "price": 3000,
    "to_hit": -4,
    "bashing": 1,
    "cutting": 4,
    "material": "steel",
    "symbol": ";",
    "color": "light_gray",
    "qualities": [ [ "CUT", 1 ], [ "SAW_W", 1 ], [ "SAW_M", 1 ], [ "WRENCH", 1 ], [ "SCREW", 1 ], [ "SCREW_FINE", 1 ], [ "BUTCHER", 7 ] ],
    "flags": [ "STAB", "SHEATH_KNIFE" ]
  },
  {
    "id": "nodachi",
    "type": "TOOL",
    "category": "weapons",
    "name": "nodachi",
    "name_plural": "nodachi",
    "description": "This is a huge, curved, two-handed sword from Japan.  It is surprisingly light for its size.",
    "weight": 2822,
    "volume": 13,
    "price": 150000,
    "to_hit": 1,
    "bashing": 5,
    "cutting": 50,
    "material": "steel",
    "symbol": "/",
    "color": "light_gray",
    "techniques": [ "RAPID", "WIDE", "BRUTAL" ],
    "qualities": [ [ "CUT", 1 ], [ "BUTCHER", 10 ] ],
    "flags": [ "DURABLE_MELEE", "SHEATH_SWORD" ]
  },
  {
    "id": "pan",
    "type": "GENERIC",
    "category": "tools",
    "name": "frying pan",
    "description": "A cast-iron pan.  Makes a decent melee weapon, and is used for cooking.",
    "weight": 2628,
    "volume": 4,
    "price": 3000,
    "to_hit": 2,
    "bashing": 10,
    "material": "iron",
    "symbol": ")",
    "color": "dark_gray",
    "container_data": {
      "contains": 4,
      "watertight": true
    },
    "qualities": [ [ "COOK", 2 ], [ "BOIL", 2 ], [ "CONTAIN", 1 ] ],
    "use_action": "HEAT_FOOD"
  },
  {
    "id": "pickaxe",
    "type": "TOOL",
    "name": "pickaxe",
    "description": "This is a large steel pickaxe, suitable for breaking up hard things or (with enough skill) hard targets.  Strike the earth!",
    "weight": 4535,
    "volume": 12,
    "price": 16000,
    "to_hit": -3,
    "bashing": 12,
    "cutting": 8,
    "material": [ "wood", "steel" ],
    "symbol": "/",
    "color": "dark_gray",
    "use_action": "PICKAXE",
    "flags": [ "SPEAR", "DURABLE_MELEE", "NONCONDUCTIVE" ]
  },
  {
    "id": "pike",
    "type": "GENERIC",
    "category": "weapons",
    "name": "awl pike",
    "description": "This is a medieval weapon consisting of a wood shaft tipped with an iron spike.  Though large and heavy compared to other spears, its accuracy and damage are unparalleled.",
    "weight": 6000,
    "volume": 14,
    "price": 40000,
    "to_hit": 2,
    "bashing": 15,
    "cutting": 45,
    "material": [ "iron", "wood" ],
    "symbol": "/",
    "color": "brown",
    "techniques": [ "IMPALE", "WBLOCK_2" ],
    "qualities": [ [ "COOK", 1 ] ],
    "flags": [ "DURABLE_MELEE", "SPEAR", "REACH_ATTACK", "REACH3", "NONCONDUCTIVE" ]
  },
  {
    "id": "pliers",
    "type": "TOOL",
    "name": "pliers",
    "name_plural": "pliers",
    "description": "This is a basic pair of slip-joint pliers, able to handle basic mechanical work.  Anything too complex will require a wrench.",
    "weight": 807,
    "volume": 1,
    "price": 800,
    "bashing": 3,
    "material": "steel",
    "symbol": ";",
    "color": "light_gray",
    "qualities": [ [ "WRENCH", 1 ] ]
  },
  {
    "id": "pockknife",
    "type": "TOOL",
    "name": "pocket knife",
    "name_plural": "pocket knives",
    "description": "This is a small pocket knife.  It isn't great for combat, but it's better than nothing.  It's sharp enough to butcher with.",
    "weight": 141,
    "volume": 0,
    "price": 1000,
    "to_hit": -2,
    "cutting": 7,
    "material": [ "steel", "plastic" ],
    "symbol": ";",
    "color": "brown",
    "qualities": [ [ "CUT", 1 ], [ "CUT_FINE", 1 ], [ "BUTCHER", 12 ] ],
    "flags": [ "STAB" ]
  },
  {
    "id": "pot",
    "type": "GENERIC",
    "category": "tools",
    "name": "pot",
    "description": "Useful for boiling water when cooking spaghetti and more.",
    "weight": 550,
    "volume": 8,
    "price": 4500,
    "to_hit": 1,
    "bashing": 6,
    "material": "steel",
    "symbol": ")",
    "color": "light_gray",
    "container_data": {
      "contains": 8,
      "watertight": true
    },
    "qualities": [ [ "COOK", 3 ], [ "BOIL", 2 ], [ "CONTAIN", 1 ], [ "CHEM", 1 ] ],
    "use_action": "HEAT_FOOD"
  },
  {
    "id": "pot_copper",
    "type": "GENERIC",
    "category": "tools",
    "name": "copper pot",
    "description": "Useful for boiling water when cooking spaghetti and more.  Made from copper, with a lining of tin to prevent metal from leaching into acidic foods.",
    "weight": 1090,
    "volume": 8,
    "price": 4500,
    "to_hit": 1,
    "bashing": 6,
    "material": "copper",
    "symbol": ")",
    "color": "light_red",
    "container_data": {
      "contains": 8,
      "watertight": true
    },
    "qualities": [ [ "COOK", 3 ], [ "BOIL", 2 ], [ "CONTAIN", 1 ], [ "CHEM", 1 ] ],
    "use_action": "HEAT_FOOD"
  },
  {
    "id": "press",
    "type": "TOOL",
    "name": "hand press & die set",
    "description": "This is a small hand press for hand loading firearm ammunition.  It comes with everything you need to start hand loading your own munitions.",
    "weight": 6350,
    "volume": 2,
    "price": 10000,
    "to_hit": -2,
    "bashing": 6,
    "material": [ "steel", "plastic" ],
    "symbol": ";",
    "color": "dark_gray"
  },
  {
    "id": "primitive_adze",
    "type": "TOOL",
    "name": "stone adze",
    "description": "This is a stone adze, somewhat useful for cutting through wood objects.",
    "weight": 1300,
    "volume": 4,
    "price": 1000,
    "bashing": 8,
    "cutting": 7,
    "material": [ "stone", "wood" ],
    "symbol": ";",
    "color": "brown",
    "qualities": [ [ "SAW_W", 1 ] ]
  },
  {
    "id": "primitive_axe",
    "type": "TOOL",
    "name": "stone axe",
    "description": "This is a sharpened stone affixed to a stick.  It works passably well as an axe but really can't compare to a proper axe.",
    "weight": 3154,
    "volume": 14,
    "price": 0,
    "bashing": 11,
    "cutting": 8,
    "material": [ "wood", "stone" ],
    "symbol": "/",
    "color": "light_gray",
    "qualities": [ [ "AXE", 3] ]
  },
  {
    "id": "primitive_hammer",
    "type": "TOOL",
    "name": "stone hammer",
    "description": "This is a rock affixed to a stick, in the crude facsimile of a hammer.  It functions adequately as a hammer, but really can't compare to a proper one.",
    "weight": 1020,
    "volume": 2,
    "price": 0,
    "bashing": 9,
    "material": [ "stone", "wood" ],
    "symbol": ";",
    "color": "brown",
    "qualities": [ [ "HAMMER", 2 ], [ "HAMMER_FINE", 1 ] ],
    "use_action": "HAMMER"
  },
  {
    "id": "primitive_knife",
    "type": "TOOL",
    "name": "stone knife",
    "name_plural": "stone knives",
    "description": "This is a sharpened stone set into a hollowed handle.  Not nearly as usable as a proper knife, but it's better than nothing.",
    "weight": 453,
    "volume": 1,
    "price": 0,
    "to_hit": -1,
    "bashing": 2,
    "cutting": 5,
    "material": [ "wood", "stone" ],
    "symbol": ";",
    "color": "light_gray",
    "qualities": [ [ "CUT", 1 ], [ "BUTCHER", 11 ] ],
    "flags": [ "STAB", "SHEATH_KNIFE" ]
  },
  {
    "id": "primitive_shovel",
    "type": "TOOL",
    "name": "stone shovel",
    "description": "This is a flattened stone affixed to a stick.  It works passably well as a shovel but really can't compare to a real shovel.",
    "weight": 1581,
    "volume": 16,
    "price": 0,
    "bashing": 15,
    "cutting": 1,
    "material": [ "stone", "wood" ],
    "symbol": "/",
    "color": "brown",
    "qualities": [ [ "DIG", 2 ] ]
  },
  {
    "id": "rapier",
    "type": "TOOL",
    "category": "weapons",
    "name": "rapier",
    "description": "This is a thin sword with an ornate hand guard.  It looks like the preferred weapon of gentlemen and swashbucklers.  Light and quick, it makes any battle a stylish battle.",
    "weight": 1000,
    "volume": 6,
    "price": 98000,
    "to_hit": 2,
    "bashing": 2,
    "cutting": 29,
    "material": "steel",
    "symbol": "/",
    "color": "light_gray",
    "techniques": [ "RAPID", "WBLOCK_2", "PRECISE" ],
    "qualities": [ [ "CUT", 1 ], [ "BUTCHER", 9 ] ],
    "flags": [ "STAB", "DURABLE_MELEE", "SHEATH_SWORD" ]
  },
  {
    "id": "rock_pot",
    "type": "GENERIC",
    "category": "tools",
    "name": "stone pot",
    "description": "A large stone, roughly hollowed out into a pot.",
    "weight": 1500,
    "volume": 8,
    "price": 0,
    "to_hit": -1,
    "bashing": 4,
    "material": "stone",
    "symbol": ";",
    "color": "dark_gray",
    "container_data": {
      "contains": 6,
      "watertight": true
    },
    "qualities": [ [ "COOK", 2 ], [ "BOIL", 1 ], [ "CONTAIN", 1 ] ],
    "use_action": "HEAT_FOOD"
  },
  {
    "id": "saw",
    "type": "TOOL",
    "name": "wood saw",
    "description": "This is a thin saw, useful for cutting through wood objects.",
    "weight": 283,
    "volume": 5,
    "price": 3000,
    "to_hit": -2,
    "cutting": 1,
    "material": [ "steel", "wood" ],
    "symbol": ";",
    "color": "brown",
    "qualities": [ [ "SAW_W", 2 ] ],
    "flags": [ "NONCONDUCTIVE" ]
  },
  {
    "id": "scalpel",
    "type": "TOOL",
    "name": "scalpel",
    "description": "This is a very sharp knife designed for surgical cutting.  Its small, sharp blade allows for precision strikes in the hands of the skilled.",
    "weight": 23,
    "volume": 1,
    "price": 1000,
    "to_hit": -3,
    "cutting": 7,
    "material": "steel",
    "symbol": ",",
    "color": "light_gray",
    "techniques": "PRECISE",
    "qualities": [ [ "CUT", 1 ], [ "CUT_FINE", 3 ] ],
    "flags": [ "SPEAR" ]
  },
  {
    "id": "scissors",
    "type": "TOOL",
    "name": "pair of scissors",
    "name_plural": "pairs of scissors",
    "description": "These are a long pair of heavy duty scissors.  Use scissors to cut items made from cotton (like clothing) into rags.",
    "weight": 113,
    "volume": 1,
    "price": 400,
    "to_hit": -1,
    "cutting": 6,
    "material": [ "aluminum", "plastic" ],
    "symbol": ",",
    "color": "light_red",
    "qualities": [ [ "CUT", 1 ] ],
    "flags": [ "SPEAR" ]
  },
  {
    "id": "screwdriver",
    "type": "TOOL",
    "name": "screwdriver",
    "description": "This is a Philips-head screwdriver.  It is important for almost all electronics crafting, most mechanics crafting, and has many more uses.",
    "weight": 170,
    "volume": 1,
    "price": 450,
    "to_hit": -1,
    "bashing": 2,
    "cutting": 6,
    "material": [ "steel", "plastic" ],
    "symbol": ";",
    "color": "yellow",
    "qualities": [ [ "SCREW", 1 ] ],
    "flags": [ "SPEAR" ]
  },
  {
    "id": "screwdriver_set",
    "type": "TOOL",
    "name": "screwdriver set",
    "description": "This is a set of screwdrivers in several sizes and blade types.  Guaranteed to have the right tools for more precise work.",
    "weight": 340,
    "volume": 2,
    "price": 2000,
    "to_hit": -1,
    "bashing": 2,
    "cutting": 6,
    "material": [ "steel", "plastic" ],
    "symbol": ";",
    "color": "yellow",
    "qualities": [ [ "SCREW", 1 ], [ "SCREW_FINE", 1 ] ]
  },
  {
    "id": "scythe",
    "type": "TOOL",
    "name": "scythe",
    "description": "This is an old-fashioned farming tool used to cut tall grass.  While it may be a giant blade on the end of a stick, it is incredibly awkward to use for anything but its intended purpose.",
    "weight": 3013,
    "volume": 13,
    "price": 8000,
    "to_hit": -6,
    "bashing": 6,
    "cutting": 14,
    "material": [ "steel", "wood" ],
    "symbol": "/",
    "color": "light_gray",
    "techniques": [ "WIDE", "BRUTAL" ],
    "qualities": [ [ "CUT", 1 ], [ "BUTCHER", -22 ] ],
    "flags": [ "DURABLE_MELEE" ]
  },
  {
    "id": "scythe_war",
    "type": "TOOL",
    "category": "weapons",
    "name": "war scythe",
    "description": "This farming tool has been modified into a weapon by reinforcing and rotating its blade 90 degrees, transforming it into a deadly giant blade on the end of a stick.",
    "weight": 3013,
    "volume": 13,
    "price": 16000,
    "to_hit": 1,
    "bashing": 2,
    "cutting": 26,
    "material": [ "steel", "wood" ],
    "symbol": "/",
    "color": "light_gray",
    "techniques": [ "WIDE", "BRUTAL" ],
    "qualities": [ [ "CUT", 1 ], [ "BUTCHER", 1 ] ],
    "flags": [ "DURABLE_MELEE" ]
  },
  {
    "id": "shishkebab_off",
    "type": "TOOL",
    "category": "weapons",
    "name": "shishkebab (off)",
    "name_plural": "shishkebabs (off)",
    "description": "This is a large blade with a fuel pipe on the side, and a small tank and igniter built into the insulated hilt.  When filled with gasoline, the blade can be made scorching hot to singe enemies and light your way.  Use to ignite.",
    "weight": 1701,
    "volume": 10,
    "price": 10000,
    "bashing": 4,
    "cutting": 14,
    "material": [ "steel", "plastic" ],
    "symbol": "/",
    "color": "light_gray",
    "ammo": "gasoline",
    "max_charges": 50,
    "use_action": {
      "type": "fireweapon_off",
      "target_id": "shishkebab_on",
      "moves": 10,
      "noise": 10,
      "success_chance": 5,
      "success_message": "Let's dance, Zeds!",
      "failure_message": "Aw, dangit.  It fails to start!",
      "lacks_fuel_message": "This thing needs some fuel!"
    },
    "flags": [ "FIRE", "SHEATH_SWORD" ]
  },
  {
    "id": "shishkebab_on",
    "type": "TOOL",
    "category": "weapons",
    "name": "shishkebab (on)",
    "name_plural": "shishkebabs (on)",
    "description": "This is a large blade with a fuel pipe on the side, and a small tank and igniter built into the insulated hilt.  The blade is glowing brightly.  Use to shut off the gas.",
    "weight": 1701,
    "volume": 10,
    "price": 10000,
    "bashing": 4,
    "cutting": 14,
    "material": [ "steel", "plastic" ],
    "symbol": "/",
    "color": "red",
    "ammo": "gasoline",
    "max_charges": 50,
    "turns_per_charge": 20,
    "revert_to": "shishkebab_off",
    "use_action": [
      {
        "type": "fireweapon_on",
        "noise": 10,
        "noise_chance": 25,
        "noise_message": "Your shishkebab crackles!",
        "auto_extinguish_chance": 75,
        "auto_extinguish_message": "Bummer, man!  Your shishkebab's flame flickers and dies out.",
        "voluntary_extinguish_message": "Peace out.  Your shishkebab's flame dies.",
        "charges_extinguish_message": "Uncool, outta gas!  Your shishkebab's flame goes out.",
        "water_extinguish_message": "Your shishkebab hisses in the water and goes out."
      },
      {
        "type": "firestarter",
        "moves": 30
      }
    ],
    "flags": [ "FIRE", "LIGHT_240", "CHARGEDIM", "FLAMING", "TRADER_AVOID" ]
  },
  {
    "id": "shock_staff",
    "type": "TOOL",
    "category": "weapons",
    "name": "powered quarterstaff",
    "name_plural": "powered quarterstaves",
    "description": "This is an ironshod quarterstaff that has a high-voltage stun gun built into the handle.  The stun gun is wired to the metal caps at either end of the staff, allowing you to zap a dangerous opponent should beating them senseless with it prove too hazardous.",
    "weight": 2351,
    "volume": 13,
    "price": 8000,
    "to_hit": 3,
    "bashing": 25,
    "material": [ "wood", "iron" ],
    "symbol": "/",
    "color": "brown",
    "ammo": "battery",
    "max_charges": 500,
    "charges_per_use": 100,
    "techniques": [ "WBLOCK_1", "RAPID" ],
    "use_action": "TAZER",
    "flags": [ "DURABLE_MELEE", "NO_UNLOAD", "RECHARGE", "NONCONDUCTIVE" ]
  },
  {
    "id": "shocktonfa_off",
    "type": "TOOL",
    "category": "weapons",
    "name": "tactical tonfa (off)",
    "name_plural": "tactical tonfas (off)",
    "description": "This is a reinforced plastic tonfa; the core is hollowed out and is filled with capacitors and a high-yield rechargeable storage battery.  When a switch on the handle is pressed, a high-voltage current is transmitted to the two electrodes mounted in the end of the tonfa, and by extension to anyone unfortunate enough to be in contact with them.  It also has a nifty flashlight, which is off at the moment.",
    "weight": 726,
    "volume": 9,
    "price": 17000,
    "to_hit": 2,
    "bashing": 14,
    "material": [ "plastic", "steel" ],
    "symbol": "/",
    "color": "dark_gray",
    "ammo": "battery",
    "max_charges": 500,
    "charges_per_use": 1,
    "techniques": [ "WBLOCK_2", "RAPID" ],
    "use_action": "SHOCKTONFA_OFF",
    "flags": [ "DURABLE_MELEE", "NO_UNLOAD", "RECHARGE", "NONCONDUCTIVE" ]
  },
  {
    "id": "shocktonfa_on",
    "type": "TOOL",
    "category": "weapons",
    "name": "tactical tonfa (on)",
    "name_plural": "tactical tonfas (on)",
    "description": "This is a reinforced plastic tonfa; the core is hollowed out and is filled with capacitors and a high-yield rechargeable storage battery.  When a switch on the handle is pressed, a high-voltage current is transmitted to the two electrodes mounted in the end of the weapon, and by extension to anyone unfortunate enough to be in contact with them.  The integral flashlight is turned on, continually draining power and lighting the surrounding area.",
    "weight": 726,
    "volume": 9,
    "price": 17000,
    "to_hit": 2,
    "bashing": 14,
    "material": [ "plastic", "steel" ],
    "symbol": "/",
    "color": "dark_gray",
    "ammo": "battery",
    "max_charges": 500,
    "charges_per_use": 1,
    "turns_per_charge": 15,
    "revert_to": "shocktonfa_off",
    "techniques": [ "WBLOCK_2", "RAPID" ],
    "use_action": "SHOCKTONFA_ON",
    "flags": [ "LIGHT_450", "CHARGEDIM", "DURABLE_MELEE", "TRADER_AVOID", "NONCONDUCTIVE" ]
  },
  {
    "id": "shovel",
    "type": "TOOL",
    "name": "shovel",
    "description": "This is a digging tool.  Use it to dig pits adjacent to your location.",
    "weight": 1315,
    "volume": 14,
    "price": 2000,
    "to_hit": 3,
    "bashing": 14,
    "cutting": 3,
    "material": [ "steel", "wood" ],
    "symbol": "/",
    "color": "brown",
    "qualities": [ [ "DIG", 3 ] ],
    "flags": [ "NONCONDUCTIVE" ]
  },
  {
    "id": "sickle",
    "type": "TOOL",
    "name": "sickle",
    "description": "This is an old-fashioned farming tool used to cut tall grass.  While it may be a massive curved blade on a handle, it is incredibly awkward to use for anything but its intended purpose.",
    "weight": 1432,
    "volume": 5,
    "price": 3800,
    "to_hit": -6,
    "bashing": 2,
    "cutting": 16,
    "material": [ "steel", "wood" ],
    "symbol": "/",
    "color": "light_gray",
    "qualities": [ [ "CUT", 1 ], [ "BUTCHER", 7 ] ],
    "flags": [ "DURABLE_MELEE" ]
  },
  {
    "id": "sm_extinguisher",
    "type": "TOOL",
    "name": "small fire extinguisher",
    "description": "This is a hand held fire extinguisher containing a liter of highly compressed C02 gas.  It would be useful for putting out adjacent fires.",
    "weight": 2267,
    "volume": 6,
    "price": 4000,
    "to_hit": -1,
    "bashing": 4,
    "material": [ "steel", "plastic" ],
    "symbol": ";",
    "color": "red",
    "initial_charges": 10,
    "max_charges": 10,
    "charges_per_use": 1,
    "use_action": "EXTINGUISHER"
  },
  {
    "id": "soldering_iron",
    "type": "TOOL",
    "name": "soldering iron",
    "description": "This is a device with a metal tip that can get very hot.  It is necessary for advanced electronics crafting.  You could also use it to cauterize wounds, if you had to.",
    "weight": 181,
    "volume": 2,
    "price": 1000,
    "bashing": 2,
    "cutting": 6,
    "material": "iron",
    "symbol": ",",
    "color": "light_gray",
    "ammo": "battery",
    "initial_charges": 20,
    "max_charges": 200,
    "charges_per_use": 1,
    "use_action": [
      {
        "type": "repair_item",
        "item_action_type": "repair_metal",
        "materials": [ "kevlar", "plastic", "iron", "steel", "hardsteel", "aluminum", "copper" ],
        "skill": "mechanics",
        "cost_scaling": 0.1,
        "move_cost": 1500
      },
      {
        "flame": false,
        "type": "cauterize"
      }
    ],
    "flags": [ "SPEAR" ]
  },
  {
    "id": "spear_knife",
    "type": "TOOL",
    "category": "weapons",
    "name": "knife spear",
    "description": "This is a simple wood pole made much more deadly by the blade tied to it.",
    "weight": 1487,
    "volume": 6,
    "price": 1400,
    "to_hit": 1,
    "bashing": 4,
    "cutting": 16,
    "material": [ "wood", "iron" ],
    "symbol": "/",
    "color": "brown",
    "techniques": ["WBLOCK_1","SHOVE"],
    "qualities": [ [ "CUT", 1 ], [ "COOK", 1 ] ],
    "flags": [ "SPEAR", "REACH_ATTACK", "NONCONDUCTIVE" ]
  },
  {
    "id": "survivor_machete",
    "type": "TOOL",
    "category": "weapons",
    "name": "survivor machete",
    "description": "This common gardening tool has been customized and rebalanced to improve its performance as a weapon.",
    "weight": 565,
    "volume": 4,
    "price": 2800,
    "to_hit": 2,
    "bashing": 6,
    "cutting": 20,
    "material": "steel",
    "symbol": "/",
    "color": "dark_gray",
    "techniques": [ "WBLOCK_1", "PRECISE" ],
    "qualities": [ [ "CUT", 1 ], [ "BUTCHER", 10 ] ],
    "flags": [ "DURABLE_MELEE", "SHEATH_SWORD" ]
  },
  {
    "id": "swage",
    "type": "TOOL",
    "name": "swage and die set",
    "description": "These are a set of swages and dies for metalsmithing.  These loops and metal blocks are used in some metalworking fabrication recipes.",
    "weight": 2620,
    "volume": 8,
    "price": 16000,
    "to_hit": 1,
    "bashing": 10,
    "material": "steel",
    "symbol": ";",
    "color": "light_gray",
    "flags": [ "DURABLE_MELEE" ]
  },
  {
    "id": "switchblade",
    "type": "TOOL",
    "category": "weapons",
    "name": "switchblade",
    "description": "This is a long and thin knife with a spring-loaded blade that rests inside the handle while not in use.",
    "weight": 464,
    "volume": 0,
    "price": 2000,
    "to_hit": -2,
    "cutting": 16,
    "material": [ "steel", "plastic" ],
    "symbol": ";",
    "color": "dark_gray",
    "qualities": [ [ "CUT", 1 ], [ "CUT_FINE", 1 ], [ "BUTCHER", 14 ] ],
    "flags": [ "STAB" ]
  },
  {
    "id": "sword_bayonet",
    "type": "TOOL",
    "category": "weapons",
    "name": "sword bayonet",
    "description": "A sword bayonet is a large slashing weapon that can be attached to the front of a firearm or crossbow converting it into a pike.",
    "weight": 923,
    "volume": 7,
    "price": 25000,
    "to_hit": 1,
    "bashing": 8,
    "cutting": 25,
    "material": [ "steel" ],
    "symbol": "/",
    "color": "light_gray",
    "gunmod_data": {
      "location": "underbarrel",
      "mod_targets": [ "shotgun", "rifle", "crossbow", "launcher" ],
      "dispersion_modifier": 20,
      "mode_modifier": [ [ "REACH", "bayonet", 2, [ "MELEE" ] ] ],
      "min_skills": [ [ "weapon", 2 ], [ "melee", 2 ] ]
    },
    "techniques": [ "WBLOCK_1", "RAPID" ],
    "qualities": [ [ "CUT", 1 ], [ "COOK", 1 ], [ "BUTCHER", 7 ] ],
    "flags": [ "DURABLE_MELEE", "SHEATH_SWORD" ]
  },
  {
    "id": "tanto",
    "type": "TOOL",
    "category": "weapons",
    "name": "tanto",
    "description": "Long Japanese knives like this more-modern remake were the samurai's backup weapon, before the advent of the larger wakizashi.  It's still a deadly blade, even if it's smaller than its more famous relatives.",
    "weight": 558,
    "volume": 2,
    "price": 18000,
    "to_hit": 2,
    "bashing": 1,
    "cutting": 16,
    "material": "steel",
    "symbol": "/",
    "color": "dark_gray",
    "techniques": "RAPID",
    "qualities": [ [ "CUT", 1 ], [ "CUT_FINE", 1 ], [ "BUTCHER", 18 ] ],
    "flags": [ "STAB", "DURABLE_MELEE", "SHEATH_KNIFE" ]
  },
  {
    "id": "tazer",
    "type": "TOOL",
    "category": "weapons",
    "name": "tazer",
    "description": "This is a high-powered stun gun.  Use this item to attempt to electrocute an adjacent enemy, damaging and temporarily paralyzing them.  Because the shock can actually jump through the air, it is difficult to miss.",
    "weight": 151,
    "volume": 1,
    "price": 14000,
    "to_hit": -1,
    "bashing": 6,
    "material": [ "plastic", "aluminum" ],
    "symbol": ";",
    "color": "dark_gray",
    "ammo": "battery",
    "max_charges": 500,
    "charges_per_use": 100,
    "use_action": "TAZER",
    "flags": [ "NO_UNLOAD", "RECHARGE" ]
  },
  {
    "id": "torch",
    "type": "TOOL",
    "name": "torch",
    "name_plural": "torches",
    "description": "This is a large stick, wrapped in rags that are soaked with a flammable material.  When lit, produces a fair amount of light.  You'll need a lighter or matches to light it.",
    "weight": 831,
    "volume": 3,
    "price": 0,
    "to_hit": 1,
    "bashing": 8,
    "material": "wood",
    "symbol": "/",
    "color": "brown",
    "initial_charges": 25,
    "max_charges": 25,
    "charges_per_use": 1,
    "use_action": {
      "target": "torch_lit",
      "msg": "You light the torch.",
      "active": true,
      "need_fire": 1,
      "menu_text": "Light torch",
      "type": "transform"
    }
  },
  {
    "id": "torch_lit",
    "type": "TOOL",
    "name": "torch (lit)",
    "name_plural": "torches (lit)",
    "description": "This is a large stick, wrapped in rags that are soaked with a flammable material.  It is burning, producing plenty of light.",
    "weight": 831,
    "volume": 3,
    "price": 0,
    "to_hit": 1,
    "bashing": 8,
    "material": "wood",
    "symbol": "/",
    "color": "brown",
    "initial_charges": 75,
    "max_charges": 75,
    "turns_per_charge": 20,
    "revert_to": "torch_done",
    "use_action": "TORCH_LIT",
    "flags": [ "FIRE", "LIGHT_310", "CHARGEDIM", "FLAMING", "TRADER_AVOID" ]
  },
  {
    "id": "trimmer_off",
    "type": "TOOL",
    "name": "hedge trimmer (off)",
    "name_plural": "hedge trimmers (off)",
    "description": "A cordless, double-sided, gasoline-powered hedge trimmer.  A long line of sharp-edged teeth extends from the engine; turning the trimmer on will make them rapidly vibrate.  The poor man's chainsaw as far as the zombies are concerned.",
    "weight": 4500,
    "volume": 10,
    "price": 4000,
    "to_hit": -1,
    "bashing": 4,
    "cutting": 8,
    "material": [ "steel", "plastic" ],
    "symbol": "/",
    "color": "green",
    "ammo": "gasoline",
    "max_charges": 600,
    "use_action": "TRIMMER_OFF",
    "flags": [ "NONCONDUCTIVE" ]
  },
  {
    "id": "trimmer_on",
    "type": "TOOL",
    "name": "hedge trimmer (on)",
    "name_plural": "hedge trimmers (on)",
    "description": "A cordless, double-sided, gasoline-powered hedge trimmer.  It is currently on, ready to do some zombie topiary; use this item to turn it off.",
    "weight": 4500,
    "volume": 8,
    "price": 4000,
    "to_hit": -1,
    "bashing": 4,
    "cutting": 40,
    "material": [ "steel", "plastic" ],
    "symbol": "/",
    "color": "green",
    "ammo": "gasoline",
    "max_charges": 600,
    "turns_per_charge": 1,
    "revert_to": "trimmer_off",
    "use_action": "TRIMMER_ON",
    "flags": [ "MESSY", "TRADER_AVOID", "NONCONDUCTIVE" ]
  },
  {
    "id": "waffleiron",
    "type": "GENERIC",
    "category": "tools",
    "name": "waffle iron",
    "description": "A waffle iron.  For making waffles.",
    "weight": 2628,
    "volume": 4,
    "price": 2000,
    "to_hit": 2,
    "bashing": 10,
    "material": "iron",
    "symbol": ")",
    "color": "dark_gray",
    "techniques": ["WBLOCK_1", "SHOVE"]
  },
  {
    "id": "wakizashi",
    "type": "TOOL",
    "category": "weapons",
    "name": "wakizashi",
    "name_plural": "wakizashi",
    "description": "This is a comparatively-common Japanese short sword.  Smaller and lighter than a katana, but still effective in combat.",
    "weight": 835,
    "volume": 6,
    "price": 17800,
    "to_hit": 1,
    "bashing": 3,
    "cutting": 24,
    "material": "steel",
    "symbol": "/",
    "color": "light_gray",
    "techniques": [ "RAPID", "WBLOCK_1" ],
    "qualities": [ [ "CUT", 1 ], [ "BUTCHER", 13 ] ],
    "flags": [ "DURABLE_MELEE", "SHEATH_SWORD" ]
  },
  {
    "id": "wood_smoother",
    "type": "TOOL",
    "name": "wooden smoother",
    "description": "This large makeshift tool is used in smoothing concrete or mortar in construction projects.  You could also use it as an improvised head-basher.",
    "weight": 2000,
    "volume": 14,
    "price": 2000,
    "to_hit": -3,
    "bashing": 12,
    "material": "wood",
    "symbol": "/",
    "color": "brown",
    "qualities": [ [ "SMOOTH", 1 ] ]
  },
  {
    "id": "wrench",
    "type": "TOOL",
    "name": "wrench",
    "name_plural": "wrenches",
    "description": "This is an adjustable crescent wrench.  It could be a decent melee weapon, and is used in many mechanics crafting recipes.",
    "weight": 907,
    "volume": 2,
    "price": 1200,
    "to_hit": 1,
    "bashing": 9,
    "material": "steel",
    "symbol": ";",
    "color": "light_gray",
    "qualities": [ [ "WRENCH", 2 ], [ "WRENCH_FINE", 1 ] ]
  },
  {
    "id": "xacto",
    "type": "TOOL",
    "name": "X-Acto knife",
    "name_plural": "X-Acto knives",
    "description": "This is a small, sharp knife, designed for making precise cuts for textiles or crafts.  It could cause decent damage, but is difficult to hit things with it.  Its small, sharp blade allows for precision strikes in the hands of the skilled.  It is too small to butcher corpses with.",
    "weight": 23,
    "volume": 1,
    "price": 400,
    "to_hit": -3,
    "cutting": 6,
    "material": [ "steel", "plastic" ],
    "symbol": ";",
    "color": "light_gray",
    "techniques": ["PRECISE", "RAPID"],
    "qualities": [ [ "CUT", 1 ], [ "CUT_FINE", 2 ] ],
    "flags": [ "SPEAR" ]
  },
  {
    "id": "zweifire_off",
    "type": "TOOL",
    "category": "weapons",
    "name": "flammenschwert (aus)",
    "name_plural": "flammenschwerter (aus)",
    "//": "All of this is SUPPOSED to be in German.",
    "description": "Ein großes zweihändiges Schwert aus Deutschland, an dessen Klinge sich, unter Zuführung von Benzin, eine anhaltende Flamme erzeugen lässt.  Es ist eine sehr mächtige Waffe.",
    "weight": 3400,
    "volume": 15,
    "price": 160000,
    "bashing": 17,
    "cutting": 40,
    "material": "steel",
    "symbol": "/",
    "color": "light_gray",
    "ammo": "gasoline",
    "max_charges": 50,
    "techniques": [ "WBLOCK_1", "WIDE", "BRUTAL" ],
    "use_action": {
      "type": "fireweapon_off",
      "target_id": "zweifire_on",
      "moves": 10,
      "noise": 10,
      "success_message": "Die Klinge deines Schwertes brennt!",
      "lacks_fuel_message": "Dein Flammenschwert hat keinen Brennstoff mehr."
    },
    "flags": [ "DURABLE_MELEE", "SHEATH_SWORD" ]
  },
  {
    "id": "zweifire_on",
    "type": "TOOL",
    "category": "weapons",
    "name": "flammenschwert (an)",
    "name_plural": "flammenschwerter (an)",
    "//": "All of this is SUPPOSED to be in German.",
    "description": "Ein großes zweihändiges Schwert aus Deutschland, an dessen Klinge sich, unter Zuführung von Benzin, eine anhaltende Flamme erzeugen lässt.  Es ist eine sehr mächtige Waffe.",
    "weight": 3400,
    "volume": 15,
    "price": 160000,
    "bashing": 17,
    "cutting": 40,
    "material": "steel",
    "symbol": "/",
    "color": "red",
    "ammo": "gasoline",
    "max_charges": 50,
    "turns_per_charge": 30,
    "revert_to": "zweifire_off",
    "techniques": [ "WBLOCK_1", "WIDE", "BRUTAL" ],
    "use_action": [
      {
        "type": "fireweapon_on",
        "noise_chance": 35,
        "noise_message": "Das Feuer um deine Schwertklinge leuchtet hell!",
        "voluntary_extinguish_message": "Die Flamme deines Schwertes erlischt.",
        "charges_extinguish_message": "Deinem Flammenschwert ist der Brennstoff ausgegangen!",
        "water_extinguish_message": "Dein Schwert zischt und erlischt."
      },
      {
        "type": "firestarter",
        "moves": 30
      }
    ],
    "flags": [ "FIRE", "LIGHT_240", "CHARGEDIM", "FLAMING", "DURABLE_MELEE", "TRADER_AVOID" ]
  },
  {
    "id": "zweihander",
    "type": "TOOL",
    "category": "weapons",
    "name": "zweihänder",
    "description": "This is a huge two-handed sword from Germany.  It packs a real wallop.",
    "weight": 3176,
    "volume": 13,
    "price": 160000,
    "to_hit": 1,
    "bashing": 17,
    "cutting": 40,
    "material": "steel",
    "symbol": "/",
    "color": "light_gray",
    "techniques": [ "WBLOCK_1", "WIDE", "BRUTAL" ],
    "flags": [ "DURABLE_MELEE", "SHEATH_SWORD" ]
  },
  {
    "id": "food_processor",
    "type": "TOOL",
    "category": "tools",
    "name": "food processor",
    "description": "This is a kitchen appliance capable of slicing, chopping, shredding, grinding, pureeing and mixing.",
    "weight": 3000,
    "volume": 8,
    "price": 50,
    "to_hit": -1,
    "bashing": 10,
    "material": [ "iron" ],
    "symbol": "%",
    "color": "white",
    "ammo": "battery",
    "initial_charges": 100,
    "max_charges": 100
  }
]
